label,support,predicted_positive,f1,precision,recall
Black,14,45,0.4745762711864407,0.3111111111111111,1.0
White,15,50,0.46153846153846156,0.3,1.0
Brown,6,25,0.3225806451612903,0.2,0.8333333333333334
Beige,5,50,0.18181818181818182,0.1,1.0
Green,5,50,0.18181818181818182,0.1,1.0
Blue,10,13,0.08695652173913043,0.07692307692307693,0.1
Grey,3,22,0.08,0.045454545454545456,0.3333333333333333
Red,2,50,0.07692307692307693,0.04,1.0
Burgundy,1,0,0.0,0.0,0.0
Multiple Colors,1,0,0.0,0.0,0.0
